authenticate,2024-05-30 13:36:06
authenticate,2024-05-30 13:37:46
authenticate,2024-05-30 13:57:51
increaseBalance,2024-05-30 13:58:10
authenticate,2024-05-30 14:00:15
createBidderAccount,2024-05-30 14:47:22
authenticate,2024-05-30 14:53:55
getItems,2024-05-30 14:53:59
authenticate,2024-05-30 14:55:42
getItems,2024-05-30 14:55:45
authenticate,2024-05-30 15:00:35
getItems,2024-05-30 15:00:38
authenticate,2024-05-30 15:02:08
getItems,2024-05-30 15:02:11
authenticate,2024-05-30 15:18:26
getAuctions,2024-05-30 15:18:29
authenticate,2024-05-30 15:19:29
getAuctions,2024-05-30 15:19:35
authenticate,2024-05-30 15:23:58
getAuctions,2024-05-30 15:24:02
authenticate,2024-05-30 15:27:44
getAuctions,2024-05-30 15:27:47
createBidderAccount,2024-05-30 16:34:36
authenticate,2024-05-30 16:35:38
getItems,2024-05-30 16:35:52
createBidderAccount,2024-05-30 16:39:44
authenticate,2024-05-30 16:40:02
increaseBalance,2024-05-30 16:42:07
getAuctions,2024-05-30 16:42:38
